city,full_address,phone,scraped_emails,scraped_phone_1,scraped_phone_source,formatted_phone
Miranda,16 Pinnacle St Miranda New South Wales 2228 AU,+61 485 900 325,dev1@crescospec.com,(61130) 011-0230,https://allneedsplumbing.com.au/contact-us,11300110230
Miranda,16 Pinnacle St Miranda New South Wales 2228 AU,+61 428 497 979,james@jimmyplumbs.com.au,0428 497 979,https://www.jimmyplumbs.com.au/contact,10428497979
Miranda,16 Pinnacle St Miranda New South Wales 2228 AU,+61 435 355 633,darcy@dtplumbingsolutions.com.au,0435 355 633,https://www.dtplumbingsolutions.com.au/contact-us,10435355633
Miranda,16 Pinnacle St Miranda New South Wales 2228 AU,+61 1300 188 818,service@icareplumbing.com.au,70 633 236,https://www.icareplumbing.com.au/privacy-policy,11300188818
Miranda,16 Pinnacle St Miranda New South Wales 2228 AU,+61 488 805 913,info@servicetoday.com.au,1300 725 760,https://www.servicetoday.com.au/contact-us,106871
Miranda,16 Pinnacle St Miranda New South Wales 2228 AU,+61 488 801 008,info@everydayplumbing.com.au,1300 520 898,https://www.everydayplumbing.com.au/privacy,94 159 436
Miranda,16 Pinnacle St Miranda New South Wales 2228 AU,+61 438 673 802,craigadoc@gmail.com,(43) 867-3802,https://www.adoc.com.au,
Kirrawee,7/429 The Boulevarde Kirrawee New South Wales 2232 AU,+61 2 9544 6455,peter@priorityplusplumbing.com.au,,,
Kirrawee,7/429 The Boulevarde Kirrawee New South Wales 2232 AU,+61 412 080 686,jarrad@eastcoastplumbing.com.au,,,
Grays Point,121 Grays Point Rd Grays Point New South Wales 2232 AU,+61 405 179 578,dave@ddmasterplumbers.com.au,,,
Grays Point,121 Grays Point Rd Grays Point New South Wales 2232 AU,+61 415 105 106,saxon@sjdplumbingco.com,0415 105 106,https://www.sjdplumbingco.com/contact-us,10415105106
Grays Point,121 Grays Point Rd Grays Point New South Wales 2232 AU,+61 438 266 292,montysplumbing@gmail.com,(43) 826-6292,https://montysplumbing.com.au/about-montys-plumbing,34 661 414
Loftus,2 Chestnut St Loftus New South Wales 2230 AU,+61 2 9002 7385,hello@quintessentialplumbing.com.au,63 633 454,https://quintessentialplumbing.com.au/contact-us,63 633 454
Loftus,2 Chestnut St Loftus New South Wales 2230 AU,+61 407 620 279,admin@polygonplumbing.com,0407 620 279,http://polygonplumbing.com/our-team,10407620279
Loftus,2 Chestnut St Loftus New South Wales 2230 AU,+61 452 381 501,example@mysite.com,35 677 464,https://www.bluechipplumbing.com.au/services,
Loftus,2 Chestnut St Loftus New South Wales 2230 AU,+61 424 152 866,info@alphaomegaplumbing.com.au,(42) 415-2866,https://alphaomegaplumbing.com.au/contact,10424152866
Engadine,41 Mountain St Engadine New South Wales 2233 AU,+61 417 299 820,info@opplumbing.com.au,(41) 729-9820,https://www.opplumbing.com.au/about,61417299820
Engadine,9 Porter Rd Engadine New South Wales 2233 AU,+61 414 651 351,repairs@seplumbing.com.au,(41) 465-1351,https://www.seplumbing.com.au/contact,10414651351
Sutherland,Acacia Rd Sutherland New South Wales 2232 AU,+61 2 9883 9596,info@mrsplashplumbing.com.au,(02) 9883 9596,https://www.mrsplashsutherlandshire.com.au/contact-us,10298839596
Sutherland,Acacia Rd Sutherland New South Wales 2232 AU,+61 468 608 248,info@plumbtechnsw.com.au,0411 284 056,https://plumbtechnsw.com.au/?page_id=1165,10411284056
Sutherland,Acacia Rd Sutherland New South Wales 2232 AU,+61 405 149 821,william@wwplumbing.com.au,(40) 514-9821,https://wwplumbing.com.au/contact,10405149821
Sutherland,Acacia Rd Sutherland New South Wales 2232 AU,+61 466 681 558,mitchell@localisedplumbing.com.au,0466 681 558,https://www.localisedplumbing.com.au/contact.html,
Sutherland,Acacia Rd Sutherland New South Wales 2232 AU,+61 429 991 693,info@aquastarplumbing.com.au,1845 0381 420,https://www.aquastarplumbing.com.au/about,18450381420
Gymea,Chapman St Gymea New South Wales 2227 AU,+61 410 414 259,service@bentheplumber.com.au,,,
Kirrawee,9/74-76 Oak Rd Kirrawee New South Wales 2232 AU,+61 1300 866 990,admin@stonesplumbing.com.au,1300 866 990,https://stonesplumbing.com.au/contact,002 353 960
Kirrawee,24 Monro Ave Kirrawee New South Wales 2232 AU,+61 2 9542 6172,service@dannik.com.au,,,
Kirrawee,24 Monro Ave Kirrawee New South Wales 2232 AU,+61 449 693 585,matt@justplumbps.com.au,0449 693 585,https://justplumbps.com.au/contact-us,10449693585
Kirrawee,24 Monro Ave Kirrawee New South Wales 2232 AU,+61 430 041 225,caine@knightplumbingandgas.com.au,0403 808 438,https://www.knightplumbingandgas.com.au/contact,10403808438
Kirrawee,24 Monro Ave Kirrawee New South Wales 2232 AU,+61 449 853 803,admin@nisbetplumbingservices.com.au,(44) 985-3803,https://www.nisbetplumbingservices.com.au/about-us,10449853803
Engadine,Anzac Ave Engadine New South Wales 2233 AU,+61 476 238 941,mcveighplumbing@gmail.com,0476 238 941,https://www.mcveighplumbing.com.au/drainclearing,
Engadine,Anzac Ave Engadine New South Wales 2233 AU,+61 401 912 190,jack@allegiantplumbing.com.au,0401 912 190,https://allegiantplumbing.com.au/contact,10401912190
Engadine,Anzac Ave Engadine New South Wales 2233 AU,+61 423 461 602,-chris@cs.plumbing,,,
Taren Point,Unit 12/29 Bay Rd Taren Point New South Wales 2229 AU,+61 2 8537 3316,info@mpjplumbing.com.au,02) 8537 3316,https://mpjplumbing.com.au/about,(02)%208537%203316
Taren Point,18/80 Box Rd Taren Point New South Wales 2229 AU,+61 483 989 881,bookings@jeremysplumbing.com.au,(48) 398-3848,https://www.jeremysplumbing.com.au/contact-us,10483983848
Taren Point,18/80 Box Rd Taren Point New South Wales 2229 AU,+61 410 838 190,info@assetplumbinggroup.com.au,(41) 083-8190,https://assetplumbinggroup.com.au/contact,10410838190
Oatley,55 Wyong St Oatley New South Wales 2223 AU,+61 410 333 993,info@prolificplumbing.com.au,,,
Sylvania Waters,87 Shoalhaven Rd Sylvania Waters New South Wales 2224 AU,+61 497 626 479,admin@prodigyplumbingsolutions.com.au,0497 626 479,https://www.prodigyplumbingsolutions.com.au/contact,10497626479
Sylvania Waters,87 Shoalhaven Rd Sylvania Waters New South Wales 2224 AU,+61 1800 744 732,shirecareservicesptyltd@gmail.com,1800 744 732,http://shirecareplumbing.com.au/about-us,11800744732
Menai,50 Barnes Cres Menai New South Wales 2234 AU,+61 401 906 590,info@establishedplumbing.com.au,,,
Menai,50 Barnes Cres Menai New South Wales 2234 AU,+61 485 877 414,info@wilcoplumbing.com.au,02) 9186 3371,https://www.wilcoplumbing.com.au/contact-us,72 629 328
Menai,50 Barnes Cres Menai New South Wales 2234 AU,+61 423 233 322,info@esplumbing.com.au,(6142) 323-3322,https://www.easysolutionsplumbing.com.au/contact,61423233322
Menai,50 Barnes Cres Menai New South Wales 2234 AU,+61 461 271 267,admin@xflowplumbing.com,99 661 341,https://www.xflowplumbing.com/contact,61461271267
Menai,50 Barnes Cres Menai New South Wales 2234 AU,+61 488 801 954,info@servicetoday.com.au,1300 725 760,https://www.servicetoday.com.au/join-our-team,106871
Kogarah,12 Phillips Rd Kogarah New South Wales 2217 AU,+61 1300 110 230,dev1@crescospec.com,(61130) 011-0230,https://allneedsplumbing.com.au/contact-us,11300110230
Kogarah,12 Phillips Rd Kogarah New South Wales 2217 AU,+61 417 027 758,pat@mpplumbing.org,61 415 227,https://mpplumbinganddrainage.com.au/about,61415227040
Kogarah,12 Phillips Rd Kogarah New South Wales 2217 AU,+61 488 823 041,info@servicetoday.com.au,1300 725 760,https://www.servicetoday.com.au/join-our-team,106871
Sylvania,58a Tara St Sylvania New South Wales 2224 AU,+61 480 024 232,info@servicetoday.com.au,1300 725 760,https://www.servicetoday.com.au/contact-us,106871
Caringbah,12b/1-3 Endeavour Rd Caringbah New South Wales 2228 AU,+61 413 327 408,paul@plumbersplease.net.au,(41) 332-7408,https://plumbersplease.net.au/contact-us-2,10413327408
Caringbah,12b/1-3 Endeavour Rd Caringbah New South Wales 2228 AU,+61 2 8998 1751,service@networktradies.com.au,12 520 362,https://onthegoplumbing.com.au/privacy-policy,6.11301E+11
Caringbah,12b/1-3 Endeavour Rd Caringbah New South Wales 2228 AU,+61 452 454 386,service@waterrelief247.com.au,0452 454 386,https://www.waterrelief247.com.au/contact,10452454386
Caringbah,12/65-75 Captain Cook Dr Caringbah New South Wales 2229 AU,+61 1300 132 113,admin@australianhotwater.com.au,(175) 620-9535,https://australianhotwater.com.au/contact,11766189712
Caringbah,12/65-75 Captain Cook Dr Caringbah New South Wales 2229 AU,+61 420 101 995,info@servicetoday.com.au,1300 725 760,https://www.servicetoday.com.au/join-our-team,106871
Caringbah,12/65-75 Captain Cook Dr Caringbah New South Wales 2229 AU,+61 432 565 154,cameron@scsplumbing.com.au,,,
Cronulla,Shop 3 59/65 Gerrale St Cronulla New South Wales 2230 AU,+61 414 831 419,info@jtlplumbing.com.au,,,
Cronulla,Shop 3 59/65 Gerrale St Cronulla New South Wales 2230 AU,+61 2 9002 7332,contact@spsplumbers.com.au,02) 9072 0760,https://spsplumbers.com.au/employment-with-sps-sydneys-plumbing-specialist,10290720760
Cronulla,Shop 3 59/65 Gerrale St Cronulla New South Wales 2230 AU,+61 488 814 081,info@servicetoday.com.au,1300 725 760,https://www.servicetoday.com.au/join-our-team,106871
Cronulla,Shop 3 59/65 Gerrale St Cronulla New South Wales 2230 AU,+61 488 803 193,info@servicetoday.com.au,1300 725 760,https://www.servicetoday.com.au/join-our-team,106871
Peakhurst,20 Kerrie Cres Peakhurst New South Wales 2210 AU,+61 488 801 926,info@servicetoday.com.au,1300 725 760,https://www.servicetoday.com.au/contact-us,106871
Caringbah,25 Willarong Rd Caringbah New South Wales 2229 AU,+61 2 9525 3677,member.services@plumberscoop.au,02 8118 6000,https://b2b.plumberscoop.au/contact,
Caringbah,25 Willarong Rd Caringbah New South Wales 2229 AU,+61 488 814 199,info@servicetoday.com.au,1300 725 760,https://www.servicetoday.com.au/contact-us,106871
Caringbah,25 Willarong Rd Caringbah New South Wales 2229 AU,+61 481 302 229,nathanrplumber@gmail.com,0481 302 229,https://nathanrplumber.com.au/about.html,10481302229
Caringbah,25 Willarong Rd Caringbah New South Wales 2229 AU,+61 488 802 164,info@servicetoday.com.au,1300 725 760,https://www.servicetoday.com.au/join-our-team,106871
Caringbah,25 Willarong Rd Caringbah New South Wales 2229 AU,+61 485 879 538,info@servicetoday.com.au,1300 725 760,https://www.servicetoday.com.au/join-our-team,106871
Caringbah,25 Willarong Rd Caringbah New South Wales 2229 AU,+61 1300 530 630,info@driptechplumbing.com.au,,,
Caringbah,25 Willarong Rd Caringbah New South Wales 2229 AU,+61 488 801 943,info@servicetoday.com.au,1300 725 760,https://www.servicetoday.com.au/contact-us,106871
Caringbah,25 Willarong Rd Caringbah New South Wales 2229 AU,+61 432 424 784,info@bluefinplumbing.com.au,(43) 242-4784,http://www.bluefinplumbing.com.au/gallery,
Caringbah,25 Willarong Rd Caringbah New South Wales 2229 AU,+61 419 796 110,info@servicetoday.com.au,1300 725 760,https://www.servicetoday.com.au/contact-us,106871
Caringbah,25 Willarong Rd Caringbah New South Wales 2229 AU,+61 488 823 199,info@servicetoday.com.au,1300 725 760,https://www.servicetoday.com.au/contact-us,106871
Chipping Norton,33 Buckingham Cres Chipping Norton New South Wales 2170 AU,+61 411 113 380,info@sydneywide-plumbing.com.au,0411 113 380,https://sydneywide-plumbing.com.au/about-us,10411113380
Chipping Norton,33 Buckingham Cres Chipping Norton New South Wales 2170 AU,+61 488 801 947,info@servicetoday.com.au,1300 725 760,https://www.servicetoday.com.au/privacy-policy,11300725760
Caringbah,Unit 33/65-75 Captain Cook Dr Caringbah New South Wales 2229 AU,+61 409 206 939,info@frontrowplumbing.com.au,0409 206 939,http://www.frontrowplumbing.com.au/contact-us,10295265505
Caringbah,Unit 33/65-75 Captain Cook Dr Caringbah New South Wales 2229 AU,+61 488 803 173,info@servicetoday.com.au,1300 725 760,https://www.servicetoday.com.au/contact-us,106871
Bankstown,18 Gould St Bankstown New South Wales 2200 AU,+61 488 812 179,info@servicetoday.com.au,1300 725 760,https://www.servicetoday.com.au/join-our-team,106871
Caringbah,8 Box Rd Caringbah New South Wales 2229 AU,+61 424 598 691,info@fjgroup.com.au,0424 598 691,https://fjgroup.com.au/contact-us,10424598691
Caringbah,8 Box Rd Caringbah New South Wales 2229 AU,+61 419 107 263,info@servicetoday.com.au,1300 725 760,https://www.servicetoday.com.au/join-our-team,106871
Caringbah,8 Box Rd Caringbah New South Wales 2229 AU,+61 488 803 549,info@servicetoday.com.au,1300 725 760,https://www.servicetoday.com.au/contact-us,106871
Caringbah,8 Box Rd Caringbah New South Wales 2229 AU,+61 420 102 267,info@servicetoday.com.au,1300 725 760,https://www.servicetoday.com.au/privacy-policy,11300725760
Caringbah,8 Box Rd Caringbah New South Wales 2229 AU,+61 415 255 895,luke@thepatientplumber.com.au,(41) 525-5895,https://www.thepatientplumber.com.au/contact-us,10415255895
Caringbah,8 Box Rd Caringbah New South Wales 2229 AU,+61 488 814 157,info@servicetoday.com.au,1300 725 760,https://www.servicetoday.com.au/privacy-policy,11300725760
Caringbah,8 Box Rd Caringbah New South Wales 2229 AU,+61 488 814 207,info@servicetoday.com.au,1300 725 760,https://www.servicetoday.com.au/privacy-policy,11300725760
Caringbah,8 Box Rd Caringbah New South Wales 2229 AU,+61 488 823 206,info@servicetoday.com.au,1300 725 760,https://www.servicetoday.com.au/join-our-team,106871
Caringbah,8 Box Rd Caringbah New South Wales 2229 AU,+61 488 805 297,info@servicetoday.com.au,1300 725 760,https://www.servicetoday.com.au/contact-us,106871
Caringbah,8 Box Rd Caringbah New South Wales 2229 AU,+61 485 879 531,info@servicetoday.com.au,1300 725 760,https://www.servicetoday.com.au/contact-us,106871
Caringbah,8 Box Rd Caringbah New South Wales 2229 AU,+61 488 804 186,info@servicetoday.com.au,1300 725 760,https://www.servicetoday.com.au/join-our-team,106871
Caringbah,8 Box Rd Caringbah New South Wales 2229 AU,+61 485 994 842,info@servicetoday.com.au,1300 725 760,https://www.servicetoday.com.au/privacy-policy,11300725760
Caringbah,8 Box Rd Caringbah New South Wales 2229 AU,+61 488 812 175,info@servicetoday.com.au,1300 725 760,https://www.servicetoday.com.au/contact-us,106871
Caringbah,8 Box Rd Caringbah New South Wales 2229 AU,+61 488 823 047,info@servicetoday.com.au,1300 725 760,https://www.servicetoday.com.au/contact-us,106871
Caringbah,8 Box Rd Caringbah New South Wales 2229 AU,+61 488 814 075,info@servicetoday.com.au,1300 725 760,https://www.servicetoday.com.au/contact-us,106871
Caringbah,8 Box Rd Caringbah New South Wales 2229 AU,+61 488 814 197,info@servicetoday.com.au,1300 725 760,https://www.servicetoday.com.au/contact-us,106871
Caringbah,8 Box Rd Caringbah New South Wales 2229 AU,+61 480 050 821,info@servicetoday.com.au,1300 725 760,https://www.servicetoday.com.au/join-our-team,106871
Caringbah,8 Box Rd Caringbah New South Wales 2229 AU,+61 488 823 150,info@servicetoday.com.au,1300 725 760,https://www.servicetoday.com.au/join-our-team,106871
Caringbah,8 Box Rd Caringbah New South Wales 2229 AU,+61 488 823 216,info@servicetoday.com.au,1300 725 760,https://www.servicetoday.com.au/join-our-team,106871
Campsie,Unit 4/7 Vicliffe Ave Campsie New South Wales 2194 AU,+61 485 889 740,jobs@fixedtoday.com.au,2176 1800 349,https://fixedtoday.com.au/privacy-policy,11800349338
Campsie,Unit 4/7 Vicliffe Ave Campsie New South Wales 2194 AU,+61 488 802 976,info@servicetoday.com.au,1300 725 760,https://www.servicetoday.com.au/join-our-team,106871
Campsie,Unit 4/7 Vicliffe Ave Campsie New South Wales 2194 AU,+61 422 758 627,plumbplumber@hotmail.com,(41) 064-1442,https://www.plumbandplumber.com.au,
Campsie,Unit 4/7 Vicliffe Ave Campsie New South Wales 2194 AU,+61 488 823 211,info@servicetoday.com.au,1300 725 760,https://www.servicetoday.com.au/contact-us,106871
Bankstown,5 Olympic Parade Bankstown New South Wales 2200 AU,+61 420 429 160,info@plumber-bankstown.com.au,(40) 411-2000,https://plumber-bankstown.com.au/privacy.html,10404112000
Bankstown,5 Olympic Parade Bankstown New South Wales 2200 AU,+61 448 888 015,info@mrplumbergroup.com.au,(44) 888-8015,https://mrplumbergroup.com.au/contact-locations,10448888015
Bankstown,5 Olympic Parade Bankstown New South Wales 2200 AU,+61 2 9584 9795,info@sydneycityplumbers.com.au,+02 9584 9795,https://www.sydneycityplumbers.com.au/contact,10295849795
Bankstown,5 Olympic Parade Bankstown New South Wales 2200 AU,+61 448 888 015,info@mrplumbergroup.com.au,(44) 888-8015,https://www.mrplumbergroup.com.au/contact-locations,10448888015
Miranda,23 Goodacre Ave Miranda New South Wales 2228 AU,+61 452 611 522,info@lpsplumbinggroup.com,,,
Taren Point,52 Bay Rd Taren Point New South Wales 2229 AU,+61 1300 720 330,info@mtdplumbing.com.au,1300 720 330,https://www.mtdplumbing.com.au/about,11300720330
Taren Point,60-62 Alexander Ave Taren Point New South Wales 2229 AU,+61 2 8667 5354,operations@ekorpplumbing.com.au,65 626 505,https://www.ekorpplumbing.com.au/contact-us,
Caringbah,33 Parraweena Rd Caringbah New South Wales 2229 AU,+61 2 9522 9354,info@sydneypumps.com.au,02 9522 9354,https://sydneypumps.com.au/about-us,10295229354
Caringbah,234 Taren Point Rd Caringbah New South Wales 2229 AU,+61 2 9524 0627,enquiries@pipereline.com.au,02 9524 0627,http://www.fullborepiperelining.com.au/about-us/testimonials,10295240627
Caringbah,65/75 Captain Cook Dr Caringbah New South Wales 2229 AU,+61 427 130 337,info@elixure.com.au,,,
Caringbah,234 Taren Point Rd Caringbah New South Wales 2229 AU,+61 2 9524 1856,sales@hwhs.com.au,02 9524 1856,http://www.hwhs.com.au/pages/contact-us-1,
Caringbah,234 Taren Point Rd Caringbah New South Wales 2229 AU,+61 425 800 883,info@construktion.com,61) 425 800,http://2mplumbinggroup.com.au/about,675 954 784
Caringbah,Unit 10/70 Captain Cook Dr Caringbah New South Wales 2229 AU,+61 499 249 958,info@upnplumbing.com.au,0403 844 757,http://upnplumbing.com.au/about,10403844757
Caringbah,Unit 10/70 Captain Cook Dr Caringbah New South Wales 2229 AU,+61 2 9186 3371,info@wilcoplumbing.com.au,02) 9186 3371,https://www.wilcoplumbing.com.au/about-us,72 629 328
Caringbah,Unit 10/70 Captain Cook Dr Caringbah New South Wales 2229 AU,+61 423 771 348,info@ajtplumbing.com.au,,,
Caringbah,Unit 10/70 Captain Cook Dr Caringbah New South Wales 2229 AU,+61 2 9188 5188,info@fastdirectplumbing.au,03 9071 4424,https://plumbingandbuilding.com.au/about-us,10882463930
Caringbah,Unit 10/70 Captain Cook Dr Caringbah New South Wales 2229 AU,+61 405 449 817,info@mysite.com,,,
Marrickville,Unit 14/168-180 Victoria Rd Marrickville New South Wales 2204 AU,+61 483 918 060,office@pipeperfection.com.au,1300 00 7473,https://pipeperfection.com.au/about-plumbers-sydney,11300007473
Condell Park,B13/406 Marion St Condell Park New South Wales 2200 AU,+61 2 9099 9138,info@rapidserviceplumbing.com.au,03 9125 6259,https://rapidserviceplumbing.com.au/privacy-policy,10391256259
Point Piper,2A Wentworth St Point Piper New South Wales 2027 AU,+61 420 102 394,admin@proximityplumbing.com.au,+0420 102 394,https://proximityplumbing.com.au/contact-us,12272988783
St Peters,Unit 17/2 Bishop St St Peters New South Wales 2044 AU,+61 1300 668 214,info@pavplumbing.com.au,1300 479 100,https://www.pavplumbing.com.au/contact-us,6.113E+11
Wiley Park,4 Hillcrest St Wiley Park New South Wales 2195 AU,+61 499 080 216,contact@1wayplumbing.sydney,,,
Sydney,111 Castlereagh St Sydney New South Wales 2000 AU,+61 488 884 571,info@servicetoday.com.au,1300 725 760,https://www.servicetoday.com.au/join-our-team,106871
Parramatta,Level 14 3 Parramatta Square 153 Macquarie St Parramatta NSW 2150 AU,+61 433 629 517,admin@hydrolinkplumbing.com.au,(43) 362-9517,https://www.hydrolinkplumbing.com.au/contact.html,10433629517
Alexandria,116 Bourke Rd Alexandria New South Wales 2015 AU,+61 2 9559 5054,jobs@plumbingcentral.com.au,02 9559 5054,https://www.plumbingcentral.com.au/about,10295595054
North Bondi,120 Blair St North Bondi New South Wales 2026 AU,+61 1300 674 140,admin@rosebayplumbing.com.au,(61130) 062-5077,https://www.rosebayplumbing.com.au/contact,64 379 352
Homebush West,C9/161 Arthur St Homebush West New South Wales 2140 AU,+61 1300 601 690,info@plumberselect.com.au,1300 632 201,https://plumberselect.com.au/about,6.11301E+11
Leichhardt,6/469-475 Parramatta Rd Leichhardt New South Wales 2040 AU,+61 2 9195 6989,hello@goodhandsplumbing.com.au,(29) 195-6989,https://goodhandsplumbing.com.au/careers,10291956989
Waverley,242 Bronte Rd Waverley New South Wales 2024 AU,+61 478 084 538,info@torinosplumbing.com.au,0478 084 538,https://torinosplumbing.com.au/our-company,10478084538
Ashfield,57 Alt St Ashfield New South Wales 2131 AU,+61 468 515 933,service@sydneypd.com.au,(46) 851-5933,https://www.sydneypd.com.au/index.html,
Paddington,Oxford St Paddington New South Wales 2021 AU,+61 404 111 808,privacy@servicem8.com,150 500 1500,https://book.servicem8.com/pricing,30 50 150
Paddington,Oxford St Paddington New South Wales 2021 AU,+61 452 071 699,daniel@paddoplumbing.com.au,,,
Croydon Park,29 Boyle St Croydon Park New South Wales 2133 AU,+61 422 871 777,info@betterplumbingsydney.com.au,(42) 287-1777,https://www.betterplumbingsydney.com.au/contact,62 667 640
Rozelle,112 Victoria Rd Rozelle New South Wales 2039 AU,+61 2 8866 3566,info@rozelleplumbing.com.au,(28) 866-3566,https://www.rozelleplumbing.com.au/contact-your-local-plumber-sydney,10288663566
Carlingford,243a Marsden Rd Carlingford New South Wales 2118 AU,+61 1300 002 447,info@24hourservice.com.au,1300 00 24,https://24hourservice.com.au/about,11300002447
Zetland,9 Grandstand Parade Zetland New South Wales 2017 AU,+61 433 755 648,zetlandplumbingco@gmail.com,01 01 2026,http://www.zetlandplumbing.com.au/privacy_policy,10433755648
Caringbah,Unit 14/18 Wurrook Circuit Caringbah New South Wales 2229 AU,+61 413 999 685,admin@bakerplumbing.com.au,0413 999 685,https://www.bakerplumbingservices.com.au/services/project-management,10413999685
Caringbah,Unit 103/16 Wurrook Circuit Caringbah New South Wales 2229 AU,+61 2 9501 5873,info@instyleplumbing.com.au,(351) 686-2330,https://www.instyleplumbing.com.au/contact,
Caringbah,Unit 103/16 Wurrook Circuit Caringbah New South Wales 2229 AU,+61 410 497 051,admin@isearchwaterleak.com.au,02) 8043 6893,https://www.isearchwaterleak.com.au/contact,10410497510
Picnic Point,40 Thomas St Picnic Point New South Wales 2213 AU,+61 416 225 603,etplumbing.services@gmail.com,(41) 622-5603,http://www.etplumbingservices.com.au/about,61 416 225
Picnic Point,40 Thomas St Picnic Point New South Wales 2213 AU,+61 1300 309 054,info@scpservices.com.au,(130) 030-9054,https://www.scpservices.com.au/author/admin,
Taren Point,U28/7 Production Rd Taren Point New South Wales 2229 AU,+61 1300 136 922,enquiries@neweragroup.com.au,1300 136 922,https://www.neweragroup.com.au/company-news,11300136922
Balmain,43 Beattie St Balmain New South Wales 2041 AU,+61 489 905 209,info@servicetoday.com.au,1300 725 760,https://www.servicetoday.com.au/join-our-team,106871
Sans Souci,102 Alfred St Sans Souci New South Wales 2219 AU,+61 424 503 372,plumber@greatersydneyplumbingservices.com.au,92 791 297,https://greatersydneyplumbingservices.com.au/about-gsps-sydney-plumber,61424503372
Sans Souci,102 Alfred St Sans Souci New South Wales 2219 AU,+61 1300 034 933,jobs@fixedtoday.com.au,2176 1800 349,https://fixedtoday.com.au/contact-us,11800349338
Concord West,170 George St Concord West New South Wales 2138 AU,+61 2 8998 1742,service@chiswickplumbing.com.au,2084 1300 508,https://www.chiswickplumbing.com.au/privacy-policy,11300508157
Narraweena,19b Ronald Ave Narraweena New South Wales 2068 AU,+61 468 173 052,reid@atyourserviceplumbing.com.au,(48) 207-7227,https://atyourserviceplumbing.com.au/contact-us,10482077227
Rockdale,22/9 Lindsay St Rockdale New South Wales 2216 AU,+61 1300 555 001,info@kalcoplumbing.com.au,,,
Rockdale,22/9 Lindsay St Rockdale New South Wales 2216 AU,+61 401 199 878,belgraviaplumbing@gmail.com,0401 199 878,https://belgraviaplumbing.com.au/contact,10401199878
Sylvania Waters,262 Belgrave Esplanade Sylvania Waters New South Wales 2224 AU,+61 485 877 359,info@wilcoplumbing.com.au,02) 9186 3371,https://www.wilcoplumbing.com.au/contact-us,72 629 328
Taren Point,Unit 8/2-14 Atkinson Rd Taren Point New South Wales 2229 AU,+61 2 9525 9955,info@paragonplumbing.com.au,02%209525 9955,http://www.paragonplumbing.com.au/about,10295259955
Dover Heights,161 Military Rd Dover Heights New South Wales 2030 AU,+61 420 102 394,admin@proximityplumbing.com.au,+0420 102 394,https://proximityplumbing.com.au/contact-us,12272988783
Menai,6 Kippax Pl Menai New South Wales 2234 AU,+61 415 743 200,service@ezyflowh2o.com.au,,,
Menai,6 Kippax Pl Menai New South Wales 2234 AU,+61 499 007 700,liquidplumbingco@gmail.com,0499 007 700,http://www.liquidplumbingco.com.au/about-us,10499007700
Padstow,107 Gow St Padstow New South Wales 2211 AU,+61 2 9793 3377,member.services@plumberscoop.au,02 8118 6000,https://b2b.plumberscoop.au/contact,
Taren Point,40/7-9 Production Rd Taren Point New South Wales 2229 AU,+61 2 9525 4732,info@csplumbing.com.au,,,
Sylvania,9 Roma Pl Sylvania New South Wales 2224 AU,+61 430 226 641,admin@theroyalflush.com.au,84 671 407,https://theroyalflush.com.au/privacy-policy,10430226641
Sylvania,9 Roma Pl Sylvania New South Wales 2224 AU,+61 488 812 163,info@servicetoday.com.au,1300 725 760,https://www.servicetoday.com.au/contact-us,106871
Sylvania,9 Roma Pl Sylvania New South Wales 2224 AU,+61 402 875 964,steve@mircaplumbing.com.au,24 630 765,http://www.mircaplumbing.com.au/Contact,24 630 765
Sylvania,9 Roma Pl Sylvania New South Wales 2224 AU,+61 412 038 779,rymacplumb@gmail.com,,,
Sylvania,9 Roma Pl Sylvania New South Wales 2224 AU,+61 478 070 334,example@mysite.com,,,
Sylvania,9 Roma Pl Sylvania New South Wales 2224 AU,,nickshandyman66@gmail.com,0455 363 020,https://www.nickshandyman.com.au/home,10455363020
Illawong,3A Karangi Pl Illawong New South Wales 2234 AU,+61 1300 426 468,info@hotwaterinahurry.com.au,0419 444 774,https://hotwaterinahurry.com.au/contact,11300426468
Padstow,124 Doyle Rd Padstow New South Wales 2211 AU,+61 485 825 232,jobs@padstowplumbingservices.com.au,1300 349 338,https://padstowplumbingservices.com.au/contact-us,11300349338
South Hurstville,Unit 6/59-69 Halstead St South Hurstville New South Wales 2221 AU,+61 401 165 779,rick@nutrend.com.au,(6140) 116-5779,https://www.nutrend.net.au/bathroom-renovation-information,89 478 782
